<?xml version="1.0" encoding="UTF-8"?>
<!DOCTYPE mapper PUBLIC "-//mybatis.org//DTD Mapper 3.0//EN" "http://mybatis.org/dtd/mybatis-3-mapper.dtd">
<mapper namespace="com.k_framework.bo.recruit.repository.RecruitRepository">
    <select id="selectRecruit"  parameterType="recruit" resultType="recruit">
	    <!-- selectRecruit -->
	    select 
	    	<include refid="common.totalPages"/>
	    	a.* 
	    from tbl_recruiter a
	    <include refid="selectRecruitWhere"/>
	    <include refid="common.pageBottom"/>
    </select>
   
    <sql id="selectRecruitWhere">
    	<where>
    		<if test="!@com.k_framework.util.UtilString@isStr(recrStep)">AND recr_step = #{recrStep}</if>
    		<if test="!@com.k_framework.util.UtilString@isStr(recrType)">AND recr_type = #{recrType}</if>
		</where>
    </sql>
</mapper> 