<?xml version="1.0" encoding="UTF-8"?>
<!DOCTYPE mapper PUBLIC "-//mybatis.org//DTD Mapper 3.0//EN" "http://mybatis.org/dtd/mybatis-3-mapper.dtd">
<mapper namespace="common">
    <sql id="pageBottom">
	    <!-- common.pageBottom -->
	    <if test="sortName != null and sortName != '' and sort != null and sort != ''">
	    order by ${sortName} ${sort}
	    </if>
	    <if test="isPaging=='true'">
		limit ${size} offset ${offset}
		</if>  
    </sql>
    <sql id="totalPages">
	    <!-- common.totalPages -->
	    <if test="isPaging=='true'">
	    count(*) OVER() AS totalCnt,
	    </if>
    </sql>
</mapper> 